{
  "normal_ear": 0.337721596608539,
  "wide_ear": 0.4052659159302468,
  "squint_ear": 0.2581661582186821,
  "ear_range": 0.1470997577115647,
  "normal_threshold": 0.2701772772868312,
  "alert_threshold": 0.37149375626939296,
  "timestamp": 1761448709.633417
}